{"cameraMode":{"drawMode":0,"name":"Shaded","section":"Shading Mode"},"sceneLighting":true,"audioPlay":false,"sceneViewState":{"showFog":true,"showMaterialUpdate":false,"showSkybox":true,"showFlares":true,"showImageEffects":true,"showParticleSystems":true},"in2DMode":false,"pivot":{"x":-2.5816073417663576,"y":-1.7880730628967286,"z":-2.557730197906494},"rotation":{"x":-0.08186879009008408,"y":0.902084469795227,"z":-0.19681315124034882,"w":-0.3752419054508209},"size":14.312501907348633,"orthographic":false}