{"cameraMode":{"drawMode":0,"name":"Shaded","section":"Shading Mode"},"sceneLighting":true,"audioPlay":false,"sceneViewState":{"showFog":true,"showMaterialUpdate":false,"showSkybox":true,"showFlares":true,"showImageEffects":true,"showParticleSystems":true},"in2DMode":false,"pivot":{"x":0.2894015312194824,"y":-0.20557498931884767,"z":0.6807980537414551},"rotation":{"x":0.08771102875471115,"y":-0.9056957960128784,"z":0.23029769957065583,"w":0.34494295716285708},"size":8.317895889282227,"orthographic":false}